{
"apiVersion": "V2",
"assemblies": [
{
  "files": [
    {
      "filePath": "data_summary.tsv",
      "fileType": "DATA_TABLE",
      "uncompressedLengthBytes": "551"
    },
    {
      "filePath": "assembly_data_report.jsonl",
      "fileType": "DATA_REPORT",
      "uncompressedLengthBytes": "9896"
    }
  ]
},{
  "accession": "GCA_000376425.1",
  "files": [
    {
      "filePath": "GCA_000376425.1/GCA_000376425.1_ASM37642v1_genomic.fna",
      "fileType": "GENOMIC_NUCLEOTIDE_FASTA",
      "uncompressedLengthBytes": "3659289"
    }
  ]
},{
  "accession": "GCF_000376425.1",
  "files": [
    {
      "filePath": "GCF_000376425.1/GCF_000376425.1_ASM37642v1_genomic.fna",
      "fileType": "GENOMIC_NUCLEOTIDE_FASTA",
      "uncompressedLengthBytes": "3659403"
    }
  ]
}]}
