{
"apiVersion": "V2",
"assemblies": [
{
  "files": [
    {
      "filePath": "data_summary.tsv",
      "fileType": "DATA_TABLE",
      "uncompressedLengthBytes": "589"
    },
    {
      "filePath": "assembly_data_report.jsonl",
      "fileType": "DATA_REPORT",
      "uncompressedLengthBytes": "7732"
    }
  ]
},{
  "accession": "GCA_018394375.1",
  "files": [
    {
      "filePath": "GCA_018394375.1/GCA_018394375.1_ASM1839437v1_genomic.fna",
      "fileType": "GENOMIC_NUCLEOTIDE_FASTA",
      "uncompressedLengthBytes": "5941894"
    }
  ]
},{
  "accession": "GCF_018394375.1",
  "files": [
    {
      "filePath": "GCF_018394375.1/GCF_018394375.1_ASM1839437v1_genomic.fna",
      "fileType": "GENOMIC_NUCLEOTIDE_FASTA",
      "uncompressedLengthBytes": "5941900"
    }
  ]
}]}
