{
"apiVersion": "V2",
"assemblies": [
{
  "files": [
    {
      "filePath": "data_summary.tsv",
      "fileType": "DATA_TABLE",
      "uncompressedLengthBytes": "616"
    },
    {
      "filePath": "assembly_data_report.jsonl",
      "fileType": "DATA_REPORT",
      "uncompressedLengthBytes": "7378"
    }
  ]
},{
  "accession": "GCA_000252995.1",
  "files": [
    {
      "filePath": "GCA_000252995.1/GCA_000252995.1_ASM25299v1_genomic.fna",
      "fileType": "GENOMIC_NUCLEOTIDE_FASTA",
      "uncompressedLengthBytes": "4515948"
    }
  ]
},{
  "accession": "GCF_000252995.1",
  "files": [
    {
      "filePath": "GCF_000252995.1/GCF_000252995.1_ASM25299v1_genomic.fna",
      "fileType": "GENOMIC_NUCLEOTIDE_FASTA",
      "uncompressedLengthBytes": "4515919"
    }
  ]
}]}
