{
"apiVersion": "V2",
"assemblies": [
{
  "files": [
    {
      "filePath": "data_summary.tsv",
      "fileType": "DATA_TABLE",
      "uncompressedLengthBytes": "561"
    },
    {
      "filePath": "assembly_data_report.jsonl",
      "fileType": "DATA_REPORT",
      "uncompressedLengthBytes": "8011"
    }
  ]
},{
  "accession": "GCA_900638635.1",
  "files": [
    {
      "filePath": "GCA_900638635.1/GCA_900638635.1_58174_G01_genomic.fna",
      "fileType": "GENOMIC_NUCLEOTIDE_FASTA",
      "uncompressedLengthBytes": "2020104"
    }
  ]
},{
  "accession": "GCF_900638635.1",
  "files": [
    {
      "filePath": "GCF_900638635.1/GCF_900638635.1_58174_G01_genomic.fna",
      "fileType": "GENOMIC_NUCLEOTIDE_FASTA",
      "uncompressedLengthBytes": "2020108"
    }
  ]
}]}
