{
"apiVersion": "V2",
"assemblies": [
{
  "files": [
    {
      "filePath": "data_summary.tsv",
      "fileType": "DATA_TABLE",
      "uncompressedLengthBytes": "636"
    },
    {
      "filePath": "assembly_data_report.jsonl",
      "fileType": "DATA_REPORT",
      "uncompressedLengthBytes": "6207"
    }
  ]
},{
  "accession": "GCA_000018225.1",
  "files": [
    {
      "filePath": "GCA_000018225.1/GCA_000018225.1_ASM1822v1_genomic.fna",
      "fileType": "GENOMIC_NUCLEOTIDE_FASTA",
      "uncompressedLengthBytes": "1273503"
    }
  ]
},{
  "accession": "GCF_000018225.1",
  "files": [
    {
      "filePath": "GCF_000018225.1/GCF_000018225.1_ASM1822v1_genomic.fna",
      "fileType": "GENOMIC_NUCLEOTIDE_FASTA",
      "uncompressedLengthBytes": "1273506"
    }
  ]
}]}
