{
"apiVersion": "V2",
"assemblies": [
{
  "files": [
    {
      "filePath": "data_summary.tsv",
      "fileType": "DATA_TABLE",
      "uncompressedLengthBytes": "664"
    },
    {
      "filePath": "assembly_data_report.jsonl",
      "fileType": "DATA_REPORT",
      "uncompressedLengthBytes": "7175"
    }
  ]
},{
  "accession": "GCA_008704425.1",
  "files": [
    {
      "filePath": "GCA_008704425.1/GCA_008704425.1_ASM870442v1_genomic.fna",
      "fileType": "GENOMIC_NUCLEOTIDE_FASTA",
      "uncompressedLengthBytes": "6809751"
    }
  ]
},{
  "accession": "GCF_008704425.1",
  "files": [
    {
      "filePath": "GCF_008704425.1/GCF_008704425.1_ASM870442v1_genomic.fna",
      "fileType": "GENOMIC_NUCLEOTIDE_FASTA",
      "uncompressedLengthBytes": "6809754"
    }
  ]
}]}
