{
"apiVersion": "V2",
"assemblies": [
{
  "files": [
    {
      "filePath": "data_summary.tsv",
      "fileType": "DATA_TABLE",
      "uncompressedLengthBytes": "600"
    },
    {
      "filePath": "assembly_data_report.jsonl",
      "fileType": "DATA_REPORT",
      "uncompressedLengthBytes": "7694"
    }
  ]
},{
  "accession": "GCA_009035845.1",
  "files": [
    {
      "filePath": "GCA_009035845.1/GCA_009035845.1_ASM903584v1_genomic.fna",
      "fileType": "GENOMIC_NUCLEOTIDE_FASTA",
      "uncompressedLengthBytes": "4049395"
    }
  ]
},{
  "accession": "GCF_009035845.1",
  "files": [
    {
      "filePath": "GCF_009035845.1/GCF_009035845.1_ASM903584v1_genomic.fna",
      "fileType": "GENOMIC_NUCLEOTIDE_FASTA",
      "uncompressedLengthBytes": "4049404"
    }
  ]
}]}
