{
"apiVersion": "V2",
"assemblies": [
{
  "files": [
    {
      "filePath": "data_summary.tsv",
      "fileType": "DATA_TABLE",
      "uncompressedLengthBytes": "602"
    },
    {
      "filePath": "assembly_data_report.jsonl",
      "fileType": "DATA_REPORT",
      "uncompressedLengthBytes": "7048"
    }
  ]
},{
  "accession": "GCA_002277935.1",
  "files": [
    {
      "filePath": "GCA_002277935.1/GCA_002277935.1_ASM227793v1_genomic.fna",
      "fileType": "GENOMIC_NUCLEOTIDE_FASTA",
      "uncompressedLengthBytes": "3026445"
    }
  ]
},{
  "accession": "GCF_002277935.1",
  "files": [
    {
      "filePath": "GCF_002277935.1/GCF_002277935.1_ASM227793v1_genomic.fna",
      "fileType": "GENOMIC_NUCLEOTIDE_FASTA",
      "uncompressedLengthBytes": "3026451"
    }
  ]
}]}
