{
"apiVersion": "V2",
"assemblies": [
{
  "files": [
    {
      "filePath": "data_summary.tsv",
      "fileType": "DATA_TABLE",
      "uncompressedLengthBytes": "641"
    },
    {
      "filePath": "assembly_data_report.jsonl",
      "fileType": "DATA_REPORT",
      "uncompressedLengthBytes": "6472"
    }
  ]
},{
  "accession": "GCA_000021045.1",
  "files": [
    {
      "filePath": "GCA_000021045.1/GCA_000021045.1_ASM2104v1_genomic.fna",
      "fileType": "GENOMIC_NUCLEOTIDE_FASTA",
      "uncompressedLengthBytes": "5432440"
    }
  ]
},{
  "accession": "GCF_000021045.1",
  "files": [
    {
      "filePath": "GCF_000021045.1/GCF_000021045.1_ASM2104v1_genomic.fna",
      "fileType": "GENOMIC_NUCLEOTIDE_FASTA",
      "uncompressedLengthBytes": "5432443"
    }
  ]
}]}
