{
"apiVersion": "V2",
"assemblies": [
{
  "files": [
    {
      "filePath": "data_summary.tsv",
      "fileType": "DATA_TABLE",
      "uncompressedLengthBytes": "589"
    },
    {
      "filePath": "assembly_data_report.jsonl",
      "fileType": "DATA_REPORT",
      "uncompressedLengthBytes": "7981"
    }
  ]
},{
  "accession": "GCA_000006765.1",
  "files": [
    {
      "filePath": "GCA_000006765.1/GCA_000006765.1_ASM676v1_genomic.fna",
      "fileType": "GENOMIC_NUCLEOTIDE_FASTA",
      "uncompressedLengthBytes": "6342767"
    }
  ]
},{
  "accession": "GCF_000006765.1",
  "files": [
    {
      "filePath": "GCF_000006765.1/GCF_000006765.1_ASM676v1_genomic.fna",
      "fileType": "GENOMIC_NUCLEOTIDE_FASTA",
      "uncompressedLengthBytes": "6342768"
    }
  ]
}]}
