{
"apiVersion": "V2",
"assemblies": [
{
  "files": [
    {
      "filePath": "data_summary.tsv",
      "fileType": "DATA_TABLE",
      "uncompressedLengthBytes": "672"
    },
    {
      "filePath": "assembly_data_report.jsonl",
      "fileType": "DATA_REPORT",
      "uncompressedLengthBytes": "7187"
    }
  ]
},{
  "accession": "GCA_000009805.1",
  "files": [
    {
      "filePath": "GCA_000009805.1/GCA_000009805.1_ASM980v1_genomic.fna",
      "fileType": "GENOMIC_NUCLEOTIDE_FASTA",
      "uncompressedLengthBytes": "6371216"
    }
  ]
},{
  "accession": "GCF_000009805.1",
  "files": [
    {
      "filePath": "GCF_000009805.1/GCF_000009805.1_ASM980v1_genomic.fna",
      "fileType": "GENOMIC_NUCLEOTIDE_FASTA",
      "uncompressedLengthBytes": "6371209"
    }
  ]
}]}
