{
"apiVersion": "V2",
"assemblies": [
{
  "files": [
    {
      "filePath": "data_summary.tsv",
      "fileType": "DATA_TABLE",
      "uncompressedLengthBytes": "594"
    },
    {
      "filePath": "assembly_data_report.jsonl",
      "fileType": "DATA_REPORT",
      "uncompressedLengthBytes": "6847"
    }
  ]
},{
  "accession": "GCA_000941095.1",
  "files": [
    {
      "filePath": "GCA_000941095.1/GCA_000941095.1_ASM94109v1_genomic.fna",
      "fileType": "GENOMIC_NUCLEOTIDE_FASTA",
      "uncompressedLengthBytes": "985727"
    }
  ]
},{
  "accession": "GCF_000941095.1",
  "files": [
    {
      "filePath": "GCF_000941095.1/GCF_000941095.1_ASM94109v1_genomic.fna",
      "fileType": "GENOMIC_NUCLEOTIDE_FASTA",
      "uncompressedLengthBytes": "985734"
    }
  ]
}]}
