{
"apiVersion": "V2",
"assemblies": [
{
  "files": [
    {
      "filePath": "data_summary.tsv",
      "fileType": "DATA_TABLE",
      "uncompressedLengthBytes": "605"
    },
    {
      "filePath": "assembly_data_report.jsonl",
      "fileType": "DATA_REPORT",
      "uncompressedLengthBytes": "6396"
    }
  ]
},{
  "accession": "GCA_000009145.1",
  "files": [
    {
      "filePath": "GCA_000009145.1/GCA_000009145.1_ASM914v1_genomic.fna",
      "fileType": "GENOMIC_NUCLEOTIDE_FASTA",
      "uncompressedLengthBytes": "2847308"
    }
  ]
},{
  "accession": "GCF_000009145.1",
  "files": [
    {
      "filePath": "GCF_000009145.1/GCF_000009145.1_ASM914v1_genomic.fna",
      "fileType": "GENOMIC_NUCLEOTIDE_FASTA",
      "uncompressedLengthBytes": "2847311"
    }
  ]
}]}
