{
"apiVersion": "V2",
"assemblies": [
{
  "files": [
    {
      "filePath": "data_summary.tsv",
      "fileType": "DATA_TABLE",
      "uncompressedLengthBytes": "561"
    },
    {
      "filePath": "assembly_data_report.jsonl",
      "fileType": "DATA_REPORT",
      "uncompressedLengthBytes": "7350"
    }
  ]
},{
  "accession": "GCA_905331265.2",
  "files": [
    {
      "filePath": "GCA_905331265.2/GCA_905331265.2_AI2999v1_cpp_genomic.fna",
      "fileType": "GENOMIC_NUCLEOTIDE_FASTA",
      "uncompressedLengthBytes": "5086464"
    }
  ]
},{
  "accession": "GCF_905331265.2",
  "files": [
    {
      "filePath": "GCF_905331265.2/GCF_905331265.2_AI2999v1_cpp_genomic.fna",
      "fileType": "GENOMIC_NUCLEOTIDE_FASTA",
      "uncompressedLengthBytes": "5086476"
    }
  ]
}]}
