{
"apiVersion": "V2",
"assemblies": [
{
  "files": [
    {
      "filePath": "data_summary.tsv",
      "fileType": "DATA_TABLE",
      "uncompressedLengthBytes": "565"
    },
    {
      "filePath": "assembly_data_report.jsonl",
      "fileType": "DATA_REPORT",
      "uncompressedLengthBytes": "7784"
    }
  ]
},{
  "accession": "GCA_030060435.1",
  "files": [
    {
      "filePath": "GCA_030060435.1/GCA_030060435.1_ASM3006043v1_genomic.fna",
      "fileType": "GENOMIC_NUCLEOTIDE_FASTA",
      "uncompressedLengthBytes": "5942581"
    }
  ]
},{
  "accession": "GCF_030060435.1",
  "files": [
    {
      "filePath": "GCF_030060435.1/GCF_030060435.1_ASM3006043v1_genomic.fna",
      "fileType": "GENOMIC_NUCLEOTIDE_FASTA",
      "uncompressedLengthBytes": "5942590"
    }
  ]
}]}
