{
"apiVersion": "V2",
"assemblies": [
{
  "files": [
    {
      "filePath": "data_summary.tsv",
      "fileType": "DATA_TABLE",
      "uncompressedLengthBytes": "603"
    },
    {
      "filePath": "assembly_data_report.jsonl",
      "fileType": "DATA_REPORT",
      "uncompressedLengthBytes": "7325"
    }
  ]
},{
  "accession": "GCA_006094375.1",
  "files": [
    {
      "filePath": "GCA_006094375.1/GCA_006094375.1_ASM609437v1_genomic.fna",
      "fileType": "GENOMIC_NUCLEOTIDE_FASTA",
      "uncompressedLengthBytes": "2522469"
    }
  ]
},{
  "accession": "GCF_006094375.1",
  "files": [
    {
      "filePath": "GCF_006094375.1/GCF_006094375.1_ASM609437v1_genomic.fna",
      "fileType": "GENOMIC_NUCLEOTIDE_FASTA",
      "uncompressedLengthBytes": "2522478"
    }
  ]
}]}
