{
"apiVersion": "V2",
"assemblies": [
{
  "files": [
    {
      "filePath": "data_summary.tsv",
      "fileType": "DATA_TABLE",
      "uncompressedLengthBytes": "656"
    },
    {
      "filePath": "assembly_data_report.jsonl",
      "fileType": "DATA_REPORT",
      "uncompressedLengthBytes": "5832"
    }
  ]
},{
  "accession": "GCA_000013425.1",
  "files": [
    {
      "filePath": "GCA_000013425.1/GCA_000013425.1_ASM1342v1_genomic.fna",
      "fileType": "GENOMIC_NUCLEOTIDE_FASTA",
      "uncompressedLengthBytes": "2856704"
    }
  ]
},{
  "accession": "GCF_000013425.1",
  "files": [
    {
      "filePath": "GCF_000013425.1/GCF_000013425.1_ASM1342v1_genomic.fna",
      "fileType": "GENOMIC_NUCLEOTIDE_FASTA",
      "uncompressedLengthBytes": "2856716"
    }
  ]
}]}
