{
"apiVersion": "V2",
"assemblies": [
{
  "files": [
    {
      "filePath": "data_summary.tsv",
      "fileType": "DATA_TABLE",
      "uncompressedLengthBytes": "653"
    },
    {
      "filePath": "assembly_data_report.jsonl",
      "fileType": "DATA_REPORT",
      "uncompressedLengthBytes": "7741"
    }
  ]
},{
  "accession": "GCA_000253175.1",
  "files": [
    {
      "filePath": "GCA_000253175.1/GCA_000253175.1_ASM25317v1_genomic.fna",
      "fileType": "GENOMIC_NUCLEOTIDE_FASTA",
      "uncompressedLengthBytes": "4683854"
    }
  ]
},{
  "accession": "GCF_000253175.1",
  "files": [
    {
      "filePath": "GCF_000253175.1/GCF_000253175.1_ASM25317v1_genomic.fna",
      "fileType": "GENOMIC_NUCLEOTIDE_FASTA",
      "uncompressedLengthBytes": "4683876"
    }
  ]
}]}
