{
"apiVersion": "V2",
"assemblies": [
{
  "files": [
    {
      "filePath": "data_summary.tsv",
      "fileType": "DATA_TABLE",
      "uncompressedLengthBytes": "624"
    },
    {
      "filePath": "assembly_data_report.jsonl",
      "fileType": "DATA_REPORT",
      "uncompressedLengthBytes": "5990"
    }
  ]
},{
  "accession": "GCA_000021485.1",
  "files": [
    {
      "filePath": "GCA_000021485.1/GCA_000021485.1_ASM2148v1_genomic.fna",
      "fileType": "GENOMIC_NUCLEOTIDE_FASTA",
      "uncompressedLengthBytes": "3019748"
    }
  ]
},{
  "accession": "GCF_000021485.1",
  "files": [
    {
      "filePath": "GCF_000021485.1/GCF_000021485.1_ASM2148v1_genomic.fna",
      "fileType": "GENOMIC_NUCLEOTIDE_FASTA",
      "uncompressedLengthBytes": "3019751"
    }
  ]
}]}
