{
"apiVersion": "V2",
"assemblies": [
{
  "files": [
    {
      "filePath": "data_summary.tsv",
      "fileType": "DATA_TABLE",
      "uncompressedLengthBytes": "601"
    },
    {
      "filePath": "assembly_data_report.jsonl",
      "fileType": "DATA_REPORT",
      "uncompressedLengthBytes": "5662"
    }
  ]
},{
  "accession": "GCA_000015445.1",
  "files": [
    {
      "filePath": "GCA_000015445.1/GCA_000015445.1_ASM1544v1_genomic.fna",
      "fileType": "GENOMIC_NUCLEOTIDE_FASTA",
      "uncompressedLengthBytes": "1463144"
    }
  ]
},{
  "accession": "GCF_000015445.1",
  "files": [
    {
      "filePath": "GCF_000015445.1/GCF_000015445.1_ASM1544v1_genomic.fna",
      "fileType": "GENOMIC_NUCLEOTIDE_FASTA",
      "uncompressedLengthBytes": "1463147"
    }
  ]
}]}
