{
"apiVersion": "V2",
"assemblies": [
{
  "files": [
    {
      "filePath": "data_summary.tsv",
      "fileType": "DATA_TABLE",
      "uncompressedLengthBytes": "638"
    },
    {
      "filePath": "assembly_data_report.jsonl",
      "fileType": "DATA_REPORT",
      "uncompressedLengthBytes": "6106"
    }
  ]
},{
  "accession": "GCA_000010605.1",
  "files": [
    {
      "filePath": "GCA_000010605.1/GCA_000010605.1_ASM1060v1_genomic.fna",
      "fileType": "GENOMIC_NUCLEOTIDE_FASTA",
      "uncompressedLengthBytes": "8652834"
    }
  ]
},{
  "accession": "GCF_000010605.1",
  "files": [
    {
      "filePath": "GCF_000010605.1/GCF_000010605.1_ASM1060v1_genomic.fna",
      "fileType": "GENOMIC_NUCLEOTIDE_FASTA",
      "uncompressedLengthBytes": "8652833"
    }
  ]
}]}
