{
"apiVersion": "V2",
"assemblies": [
{
  "files": [
    {
      "filePath": "data_summary.tsv",
      "fileType": "DATA_TABLE",
      "uncompressedLengthBytes": "612"
    },
    {
      "filePath": "assembly_data_report.jsonl",
      "fileType": "DATA_REPORT",
      "uncompressedLengthBytes": "7387"
    }
  ]
},{
  "accession": "GCA_002080125.1",
  "files": [
    {
      "filePath": "GCA_002080125.1/GCA_002080125.1_ASM208012v1_genomic.fna",
      "fileType": "GENOMIC_NUCLEOTIDE_FASTA",
      "uncompressedLengthBytes": "2019486"
    }
  ]
},{
  "accession": "GCF_002080125.1",
  "files": [
    {
      "filePath": "GCF_002080125.1/GCF_002080125.1_ASM208012v1_genomic.fna",
      "fileType": "GENOMIC_NUCLEOTIDE_FASTA",
      "uncompressedLengthBytes": "2019490"
    }
  ]
}]}
