{
"apiVersion": "V2",
"assemblies": [
{
  "files": [
    {
      "filePath": "data_summary.tsv",
      "fileType": "DATA_TABLE",
      "uncompressedLengthBytes": "689"
    },
    {
      "filePath": "assembly_data_report.jsonl",
      "fileType": "DATA_REPORT",
      "uncompressedLengthBytes": "6431"
    }
  ]
},{
  "accession": "GCA_000196555.1",
  "files": [
    {
      "filePath": "GCA_000196555.1/GCA_000196555.1_ASM19655v1_genomic.fna",
      "fileType": "GENOMIC_NUCLEOTIDE_FASTA",
      "uncompressedLengthBytes": "2415058"
    }
  ]
},{
  "accession": "GCF_000196555.1",
  "files": [
    {
      "filePath": "GCF_000196555.1/GCF_000196555.1_ASM19655v1_genomic.fna",
      "fileType": "GENOMIC_NUCLEOTIDE_FASTA",
      "uncompressedLengthBytes": "2415057"
    }
  ]
}]}
