{
"apiVersion": "V2",
"assemblies": [
{
  "files": [
    {
      "filePath": "data_summary.tsv",
      "fileType": "DATA_TABLE",
      "uncompressedLengthBytes": "662"
    },
    {
      "filePath": "assembly_data_report.jsonl",
      "fileType": "DATA_REPORT",
      "uncompressedLengthBytes": "7126"
    }
  ]
},{
  "accession": "GCA_900215245.1",
  "files": [
    {
      "filePath": "GCA_900215245.1/GCA_900215245.1_IMG-taxon_2617270901_annotated_assembly_genomic.fna",
      "fileType": "GENOMIC_NUCLEOTIDE_FASTA",
      "uncompressedLengthBytes": "6593027"
    }
  ]
},{
  "accession": "GCF_900215245.1",
  "files": [
    {
      "filePath": "GCF_900215245.1/GCF_900215245.1_IMG-taxon_2617270901_annotated_assembly_genomic.fna",
      "fileType": "GENOMIC_NUCLEOTIDE_FASTA",
      "uncompressedLengthBytes": "6593012"
    }
  ]
}]}
