{
"apiVersion": "V2",
"assemblies": [
{
  "files": [
    {
      "filePath": "data_summary.tsv",
      "fileType": "DATA_TABLE",
      "uncompressedLengthBytes": "653"
    },
    {
      "filePath": "assembly_data_report.jsonl",
      "fileType": "DATA_REPORT",
      "uncompressedLengthBytes": "8798"
    }
  ]
},{
  "accession": "GCA_000009085.1",
  "files": [
    {
      "filePath": "GCA_000009085.1/GCA_000009085.1_ASM908v1_genomic.fna",
      "fileType": "GENOMIC_NUCLEOTIDE_FASTA",
      "uncompressedLengthBytes": "1662074"
    }
  ]
},{
  "accession": "GCF_000009085.1",
  "files": [
    {
      "filePath": "GCF_000009085.1/GCF_000009085.1_ASM908v1_genomic.fna",
      "fileType": "GENOMIC_NUCLEOTIDE_FASTA",
      "uncompressedLengthBytes": "1662101"
    }
  ]
}]}
