{
"apiVersion": "V2",
"assemblies": [
{
  "files": [
    {
      "filePath": "data_summary.tsv",
      "fileType": "DATA_TABLE",
      "uncompressedLengthBytes": "572"
    },
    {
      "filePath": "assembly_data_report.jsonl",
      "fileType": "DATA_REPORT",
      "uncompressedLengthBytes": "8007"
    }
  ]
},{
  "accession": "GCA_900636985.1",
  "files": [
    {
      "filePath": "GCA_900636985.1/GCA_900636985.1_45889_C01_genomic.fna",
      "fileType": "GENOMIC_NUCLEOTIDE_FASTA",
      "uncompressedLengthBytes": "5931268"
    }
  ]
},{
  "accession": "GCF_900636985.1",
  "files": [
    {
      "filePath": "GCF_900636985.1/GCF_900636985.1_45889_C01_genomic.fna",
      "fileType": "GENOMIC_NUCLEOTIDE_FASTA",
      "uncompressedLengthBytes": "5931272"
    }
  ]
}]}
