{
"apiVersion": "V2",
"assemblies": [
{
  "files": [
    {
      "filePath": "data_summary.tsv",
      "fileType": "DATA_TABLE",
      "uncompressedLengthBytes": "589"
    },
    {
      "filePath": "assembly_data_report.jsonl",
      "fileType": "DATA_REPORT",
      "uncompressedLengthBytes": "7305"
    }
  ]
},{
  "accession": "GCA_022354085.1",
  "files": [
    {
      "filePath": "GCA_022354085.1/GCA_022354085.1_ASM2235408v1_genomic.fna",
      "fileType": "GENOMIC_NUCLEOTIDE_FASTA",
      "uncompressedLengthBytes": "5257747"
    }
  ]
},{
  "accession": "GCF_022354085.1",
  "files": [
    {
      "filePath": "GCF_022354085.1/GCF_022354085.1_ASM2235408v1_genomic.fna",
      "fileType": "GENOMIC_NUCLEOTIDE_FASTA",
      "uncompressedLengthBytes": "5257753"
    }
  ]
}]}
