{
"apiVersion": "V2",
"assemblies": [
{
  "files": [
    {
      "filePath": "data_summary.tsv",
      "fileType": "DATA_TABLE",
      "uncompressedLengthBytes": "607"
    },
    {
      "filePath": "assembly_data_report.jsonl",
      "fileType": "DATA_REPORT",
      "uncompressedLengthBytes": "7597"
    }
  ]
},{
  "accession": "GCA_000013345.1",
  "files": [
    {
      "filePath": "GCA_000013345.1/GCA_000013345.1_ASM1334v1_genomic.fna",
      "fileType": "GENOMIC_NUCLEOTIDE_FASTA",
      "uncompressedLengthBytes": "5501620"
    }
  ]
},{
  "accession": "GCF_000013345.1",
  "files": [
    {
      "filePath": "GCF_000013345.1/GCF_000013345.1_ASM1334v1_genomic.fna",
      "fileType": "GENOMIC_NUCLEOTIDE_FASTA",
      "uncompressedLengthBytes": "5501600"
    }
  ]
}]}
