{
"apiVersion": "V2",
"assemblies": [
{
  "files": [
    {
      "filePath": "data_summary.tsv",
      "fileType": "DATA_TABLE",
      "uncompressedLengthBytes": "409"
    },
    {
      "filePath": "assembly_data_report.jsonl",
      "fileType": "DATA_REPORT",
      "uncompressedLengthBytes": "2761"
    }
  ]
},{
  "accession": "GCA_000021005.1",
  "files": [
    {
      "filePath": "GCA_000021005.1/GCA_000021005.1_ASM2100v1_genomic.fna",
      "fileType": "GENOMIC_NUCLEOTIDE_FASTA",
      "uncompressedLengthBytes": "4770335"
    }
  ]
}]}
