{
"apiVersion": "V2",
"assemblies": [
{
  "files": [
    {
      "filePath": "data_summary.tsv",
      "fileType": "DATA_TABLE",
      "uncompressedLengthBytes": "592"
    },
    {
      "filePath": "assembly_data_report.jsonl",
      "fileType": "DATA_REPORT",
      "uncompressedLengthBytes": "6611"
    }
  ]
},{
  "accession": "GCA_000196035.1",
  "files": [
    {
      "filePath": "GCA_000196035.1/GCA_000196035.1_ASM19603v1_genomic.fna",
      "fileType": "GENOMIC_NUCLEOTIDE_FASTA",
      "uncompressedLengthBytes": "2981393"
    }
  ]
},{
  "accession": "GCF_000196035.1",
  "files": [
    {
      "filePath": "GCF_000196035.1/GCF_000196035.1_ASM19603v1_genomic.fna",
      "fileType": "GENOMIC_NUCLEOTIDE_FASTA",
      "uncompressedLengthBytes": "2981405"
    }
  ]
}]}
