{
"apiVersion": "V2",
"assemblies": [
{
  "files": [
    {
      "filePath": "data_summary.tsv",
      "fileType": "DATA_TABLE",
      "uncompressedLengthBytes": "612"
    },
    {
      "filePath": "assembly_data_report.jsonl",
      "fileType": "DATA_REPORT",
      "uncompressedLengthBytes": "7109"
    }
  ]
},{
  "accession": "GCA_001587155.1",
  "files": [
    {
      "filePath": "GCA_001587155.1/GCA_001587155.1_ASM158715v1_genomic.fna",
      "fileType": "GENOMIC_NUCLEOTIDE_FASTA",
      "uncompressedLengthBytes": "5599526"
    }
  ]
},{
  "accession": "GCF_001587155.1",
  "files": [
    {
      "filePath": "GCF_001587155.1/GCF_001587155.1_ASM158715v1_genomic.fna",
      "fileType": "GENOMIC_NUCLEOTIDE_FASTA",
      "uncompressedLengthBytes": "5599551"
    }
  ]
}]}
