{
"apiVersion": "V2",
"assemblies": [
{
  "files": [
    {
      "filePath": "data_summary.tsv",
      "fileType": "DATA_TABLE",
      "uncompressedLengthBytes": "583"
    },
    {
      "filePath": "assembly_data_report.jsonl",
      "fileType": "DATA_REPORT",
      "uncompressedLengthBytes": "6591"
    }
  ]
},{
  "accession": "GCA_007971685.1",
  "files": [
    {
      "filePath": "GCA_007971685.1/GCA_007971685.1_ASM797168v1_genomic.fna",
      "fileType": "GENOMIC_NUCLEOTIDE_FASTA",
      "uncompressedLengthBytes": "1283705"
    }
  ]
},{
  "accession": "GCF_007971685.1",
  "files": [
    {
      "filePath": "GCF_007971685.1/GCF_007971685.1_ASM797168v1_genomic.fna",
      "fileType": "GENOMIC_NUCLEOTIDE_FASTA",
      "uncompressedLengthBytes": "1283708"
    }
  ]
}]}
