{
"apiVersion": "V2",
"assemblies": [
{
  "files": [
    {
      "filePath": "data_summary.tsv",
      "fileType": "DATA_TABLE",
      "uncompressedLengthBytes": "527"
    },
    {
      "filePath": "assembly_data_report.jsonl",
      "fileType": "DATA_REPORT",
      "uncompressedLengthBytes": "6840"
    }
  ]
},{
  "accession": "GCA_000340475.1",
  "files": [
    {
      "filePath": "GCA_000340475.1/GCA_000340475.1_ASM34047v1_genomic.fna",
      "fileType": "GENOMIC_NUCLEOTIDE_FASTA",
      "uncompressedLengthBytes": "3878747"
    }
  ]
},{
  "accession": "GCF_000340475.1",
  "files": [
    {
      "filePath": "GCF_000340475.1/GCF_000340475.1_ASM34047v1_genomic.fna",
      "fileType": "GENOMIC_NUCLEOTIDE_FASTA",
      "uncompressedLengthBytes": "3878750"
    }
  ]
}]}
