{
"apiVersion": "V2",
"assemblies": [
{
  "files": [
    {
      "filePath": "data_summary.tsv",
      "fileType": "DATA_TABLE",
      "uncompressedLengthBytes": "565"
    },
    {
      "filePath": "assembly_data_report.jsonl",
      "fileType": "DATA_REPORT",
      "uncompressedLengthBytes": "5752"
    }
  ]
},{
  "accession": "GCA_000146165.2",
  "files": [
    {
      "filePath": "GCA_000146165.2/GCA_000146165.2_ASM14616v2_genomic.fna",
      "fileType": "GENOMIC_NUCLEOTIDE_FASTA",
      "uncompressedLengthBytes": "5195694"
    }
  ]
},{
  "accession": "GCF_000146165.2",
  "files": [
    {
      "filePath": "GCF_000146165.2/GCF_000146165.2_ASM14616v2_genomic.fna",
      "fileType": "GENOMIC_NUCLEOTIDE_FASTA",
      "uncompressedLengthBytes": "5195698"
    }
  ]
}]}
