{
"apiVersion": "V2",
"assemblies": [
{
  "files": [
    {
      "filePath": "data_summary.tsv",
      "fileType": "DATA_TABLE",
      "uncompressedLengthBytes": "599"
    },
    {
      "filePath": "assembly_data_report.jsonl",
      "fileType": "DATA_REPORT",
      "uncompressedLengthBytes": "5418"
    }
  ]
},{
  "accession": "GCA_000006925.2",
  "files": [
    {
      "filePath": "GCA_000006925.2/GCA_000006925.2_ASM692v2_genomic.fna",
      "fileType": "GENOMIC_NUCLEOTIDE_FASTA",
      "uncompressedLengthBytes": "4889327"
    }
  ]
},{
  "accession": "GCF_000006925.2",
  "files": [
    {
      "filePath": "GCF_000006925.2/GCF_000006925.2_ASM692v2_genomic.fna",
      "fileType": "GENOMIC_NUCLEOTIDE_FASTA",
      "uncompressedLengthBytes": "4889330"
    }
  ]
}]}
