{
"apiVersion": "V2",
"assemblies": [
{
  "files": [
    {
      "filePath": "data_summary.tsv",
      "fileType": "DATA_TABLE",
      "uncompressedLengthBytes": "606"
    },
    {
      "filePath": "assembly_data_report.jsonl",
      "fileType": "DATA_REPORT",
      "uncompressedLengthBytes": "8753"
    }
  ]
},{
  "accession": "GCA_002849875.1",
  "files": [
    {
      "filePath": "GCA_002849875.1/GCA_002849875.1_ASM284987v1_genomic.fna",
      "fileType": "GENOMIC_NUCLEOTIDE_FASTA",
      "uncompressedLengthBytes": "4928394"
    }
  ]
},{
  "accession": "GCF_002849875.1",
  "files": [
    {
      "filePath": "GCF_002849875.1/GCF_002849875.1_ASM284987v1_genomic.fna",
      "fileType": "GENOMIC_NUCLEOTIDE_FASTA",
      "uncompressedLengthBytes": "4928400"
    }
  ]
}]}
