{
"apiVersion": "V2",
"assemblies": [
{
  "files": [
    {
      "filePath": "data_summary.tsv",
      "fileType": "DATA_TABLE",
      "uncompressedLengthBytes": "558"
    },
    {
      "filePath": "assembly_data_report.jsonl",
      "fileType": "DATA_REPORT",
      "uncompressedLengthBytes": "6681"
    }
  ]
},{
  "accession": "GCA_003293675.1",
  "files": [
    {
      "filePath": "GCA_003293675.1/GCA_003293675.1_ASM329367v1_genomic.fna",
      "fileType": "GENOMIC_NUCLEOTIDE_FASTA",
      "uncompressedLengthBytes": "1583154"
    }
  ]
},{
  "accession": "GCF_003293675.1",
  "files": [
    {
      "filePath": "GCF_003293675.1/GCF_003293675.1_ASM329367v1_genomic.fna",
      "fileType": "GENOMIC_NUCLEOTIDE_FASTA",
      "uncompressedLengthBytes": "1583157"
    }
  ]
}]}
