{
"apiVersion": "V2",
"assemblies": [
{
  "files": [
    {
      "filePath": "data_summary.tsv",
      "fileType": "DATA_TABLE",
      "uncompressedLengthBytes": "678"
    },
    {
      "filePath": "assembly_data_report.jsonl",
      "fileType": "DATA_REPORT",
      "uncompressedLengthBytes": "8387"
    }
  ]
},{
  "accession": "GCA_900660465.1",
  "files": [
    {
      "filePath": "GCA_900660465.1/GCA_900660465.1_50648_A01-3_genomic.fna",
      "fileType": "GENOMIC_NUCLEOTIDE_FASTA",
      "uncompressedLengthBytes": "833467"
    }
  ]
},{
  "accession": "GCF_900660465.1",
  "files": [
    {
      "filePath": "GCF_900660465.1/GCF_900660465.1_50648_A01-3_genomic.fna",
      "fileType": "GENOMIC_NUCLEOTIDE_FASTA",
      "uncompressedLengthBytes": "833445"
    }
  ]
}]}
