{
"apiVersion": "V2",
"assemblies": [
{
  "files": [
    {
      "filePath": "data_summary.tsv",
      "fileType": "DATA_TABLE",
      "uncompressedLengthBytes": "733"
    },
    {
      "filePath": "assembly_data_report.jsonl",
      "fileType": "DATA_REPORT",
      "uncompressedLengthBytes": "6270"
    }
  ]
},{
  "accession": "GCA_000240185.2",
  "files": [
    {
      "filePath": "GCA_000240185.2/GCA_000240185.2_ASM24018v2_genomic.fna",
      "fileType": "GENOMIC_NUCLEOTIDE_FASTA",
      "uncompressedLengthBytes": "5753994"
    }
  ]
},{
  "accession": "GCF_000240185.1",
  "files": [
    {
      "filePath": "GCF_000240185.1/GCF_000240185.1_ASM24018v2_genomic.fna",
      "fileType": "GENOMIC_NUCLEOTIDE_FASTA",
      "uncompressedLengthBytes": "5754012"
    }
  ]
}]}
