{
"apiVersion": "V2",
"assemblies": [
{
  "files": [
    {
      "filePath": "data_summary.tsv",
      "fileType": "DATA_TABLE",
      "uncompressedLengthBytes": "622"
    },
    {
      "filePath": "assembly_data_report.jsonl",
      "fileType": "DATA_REPORT",
      "uncompressedLengthBytes": "11405"
    }
  ]
},{
  "accession": "GCA_000144405.1",
  "files": [
    {
      "filePath": "GCA_000144405.1/GCA_000144405.1_ASM14440v1_genomic.fna",
      "fileType": "GENOMIC_NUCLEOTIDE_FASTA",
      "uncompressedLengthBytes": "3208050"
    }
  ]
},{
  "accession": "GCF_000144405.1",
  "files": [
    {
      "filePath": "GCF_000144405.1/GCF_000144405.1_ASM14440v1_genomic.fna",
      "fileType": "GENOMIC_NUCLEOTIDE_FASTA",
      "uncompressedLengthBytes": "3208052"
    }
  ]
}]}
