{
"apiVersion": "V2",
"assemblies": [
{
  "files": [
    {
      "filePath": "data_summary.tsv",
      "fileType": "DATA_TABLE",
      "uncompressedLengthBytes": "597"
    },
    {
      "filePath": "assembly_data_report.jsonl",
      "fileType": "DATA_REPORT",
      "uncompressedLengthBytes": "8300"
    }
  ]
},{
  "accession": "GCA_900475555.1",
  "files": [
    {
      "filePath": "GCA_900475555.1/GCA_900475555.1_44257_B01_genomic.fna",
      "fileType": "GENOMIC_NUCLEOTIDE_FASTA",
      "uncompressedLengthBytes": "2526968"
    }
  ]
},{
  "accession": "GCF_900475555.1",
  "files": [
    {
      "filePath": "GCF_900475555.1/GCF_900475555.1_44257_B01_genomic.fna",
      "fileType": "GENOMIC_NUCLEOTIDE_FASTA",
      "uncompressedLengthBytes": "2526966"
    }
  ]
}]}
