{
"apiVersion": "V2",
"assemblies": [
{
  "files": [
    {
      "filePath": "data_summary.tsv",
      "fileType": "DATA_TABLE",
      "uncompressedLengthBytes": "618"
    },
    {
      "filePath": "assembly_data_report.jsonl",
      "fileType": "DATA_REPORT",
      "uncompressedLengthBytes": "5468"
    }
  ]
},{
  "accession": "GCA_000007625.1",
  "files": [
    {
      "filePath": "GCA_000007625.1/GCA_000007625.1_ASM762v1_genomic.fna",
      "fileType": "GENOMIC_NUCLEOTIDE_FASTA",
      "uncompressedLengthBytes": "2909370"
    }
  ]
},{
  "accession": "GCF_000007625.1",
  "files": [
    {
      "filePath": "GCF_000007625.1/GCF_000007625.1_ASM762v1_genomic.fna",
      "fileType": "GENOMIC_NUCLEOTIDE_FASTA",
      "uncompressedLengthBytes": "2909374"
    }
  ]
}]}
