{
"apiVersion": "V2",
"assemblies": [
{
  "files": [
    {
      "filePath": "data_summary.tsv",
      "fileType": "DATA_TABLE",
      "uncompressedLengthBytes": "600"
    },
    {
      "filePath": "assembly_data_report.jsonl",
      "fileType": "DATA_REPORT",
      "uncompressedLengthBytes": "7836"
    }
  ]
},{
  "accession": "GCA_033956065.1",
  "files": [
    {
      "filePath": "GCA_033956065.1/GCA_033956065.1_ASM3395606v1_genomic.fna",
      "fileType": "GENOMIC_NUCLEOTIDE_FASTA",
      "uncompressedLengthBytes": "5907847"
    }
  ]
},{
  "accession": "GCF_033956065.1",
  "files": [
    {
      "filePath": "GCF_033956065.1/GCF_033956065.1_ASM3395606v1_genomic.fna",
      "fileType": "GENOMIC_NUCLEOTIDE_FASTA",
      "uncompressedLengthBytes": "5907853"
    }
  ]
}]}
