{
"apiVersion": "V2",
"assemblies": [
{
  "files": [
    {
      "filePath": "data_summary.tsv",
      "fileType": "DATA_TABLE",
      "uncompressedLengthBytes": "616"
    },
    {
      "filePath": "assembly_data_report.jsonl",
      "fileType": "DATA_REPORT",
      "uncompressedLengthBytes": "9018"
    }
  ]
},{
  "accession": "GCA_016127955.1",
  "files": [
    {
      "filePath": "GCA_016127955.1/GCA_016127955.1_ASM1612795v1_genomic.fna",
      "fileType": "GENOMIC_NUCLEOTIDE_FASTA",
      "uncompressedLengthBytes": "3230421"
    }
  ]
},{
  "accession": "GCF_016127955.1",
  "files": [
    {
      "filePath": "GCF_016127955.1/GCF_016127955.1_ASM1612795v1_genomic.fna",
      "fileType": "GENOMIC_NUCLEOTIDE_FASTA",
      "uncompressedLengthBytes": "3230427"
    }
  ]
}]}
