{
"apiVersion": "V2",
"assemblies": [
{
  "files": [
    {
      "filePath": "data_summary.tsv",
      "fileType": "DATA_TABLE",
      "uncompressedLengthBytes": "627"
    },
    {
      "filePath": "assembly_data_report.jsonl",
      "fileType": "DATA_REPORT",
      "uncompressedLengthBytes": "8745"
    }
  ]
},{
  "accession": "GCA_022869645.1",
  "files": [
    {
      "filePath": "GCA_022869645.1/GCA_022869645.1_ASM2286964v1_genomic.fna",
      "fileType": "GENOMIC_NUCLEOTIDE_FASTA",
      "uncompressedLengthBytes": "2208691"
    }
  ]
},{
  "accession": "GCF_022869645.1",
  "files": [
    {
      "filePath": "GCF_022869645.1/GCF_022869645.1_ASM2286964v1_genomic.fna",
      "fileType": "GENOMIC_NUCLEOTIDE_FASTA",
      "uncompressedLengthBytes": "2208694"
    }
  ]
}]}
