{
"apiVersion": "V2",
"assemblies": [
{
  "files": [
    {
      "filePath": "data_summary.tsv",
      "fileType": "DATA_TABLE",
      "uncompressedLengthBytes": "402"
    },
    {
      "filePath": "assembly_data_report.jsonl",
      "fileType": "DATA_REPORT",
      "uncompressedLengthBytes": "3290"
    }
  ]
},{
  "accession": "GCF_000410535.2",
  "files": [
    {
      "filePath": "GCF_000410535.2/GCF_000410535.2_ASM41053v2_genomic.fna",
      "fileType": "GENOMIC_NUCLEOTIDE_FASTA",
      "uncompressedLengthBytes": "1153959"
    }
  ]
}]}
