{
"apiVersion": "V2",
"assemblies": [
{
  "files": [
    {
      "filePath": "data_summary.tsv",
      "fileType": "DATA_TABLE",
      "uncompressedLengthBytes": "622"
    },
    {
      "filePath": "assembly_data_report.jsonl",
      "fileType": "DATA_REPORT",
      "uncompressedLengthBytes": "8974"
    }
  ]
},{
  "accession": "GCA_020736045.1",
  "files": [
    {
      "filePath": "GCA_020736045.1/GCA_020736045.1_ASM2073604v1_genomic.fna",
      "fileType": "GENOMIC_NUCLEOTIDE_FASTA",
      "uncompressedLengthBytes": "1914380"
    }
  ]
},{
  "accession": "GCF_020736045.1",
  "files": [
    {
      "filePath": "GCF_020736045.1/GCF_020736045.1_ASM2073604v1_genomic.fna",
      "fileType": "GENOMIC_NUCLEOTIDE_FASTA",
      "uncompressedLengthBytes": "1914383"
    }
  ]
}]}
