{
"apiVersion": "V2",
"assemblies": [
{
  "files": [
    {
      "filePath": "data_summary.tsv",
      "fileType": "DATA_TABLE",
      "uncompressedLengthBytes": "614"
    },
    {
      "filePath": "assembly_data_report.jsonl",
      "fileType": "DATA_REPORT",
      "uncompressedLengthBytes": "7966"
    }
  ]
},{
  "accession": "GCA_018885085.1",
  "files": [
    {
      "filePath": "GCA_018885085.1/GCA_018885085.1_ASM1888508v1_genomic.fna",
      "fileType": "GENOMIC_NUCLEOTIDE_FASTA",
      "uncompressedLengthBytes": "4147259"
    }
  ]
},{
  "accession": "GCF_018885085.1",
  "files": [
    {
      "filePath": "GCF_018885085.1/GCF_018885085.1_ASM1888508v1_genomic.fna",
      "fileType": "GENOMIC_NUCLEOTIDE_FASTA",
      "uncompressedLengthBytes": "4147265"
    }
  ]
}]}
