{
"apiVersion": "V2",
"assemblies": [
{
  "files": [
    {
      "filePath": "data_summary.tsv",
      "fileType": "DATA_TABLE",
      "uncompressedLengthBytes": "657"
    },
    {
      "filePath": "assembly_data_report.jsonl",
      "fileType": "DATA_REPORT",
      "uncompressedLengthBytes": "8961"
    }
  ]
},{
  "accession": "GCA_003019295.1",
  "files": [
    {
      "filePath": "GCA_003019295.1/GCA_003019295.1_ASM301929v1_genomic.fna",
      "fileType": "GENOMIC_NUCLEOTIDE_FASTA",
      "uncompressedLengthBytes": "2207445"
    }
  ]
},{
  "accession": "GCF_003019295.1",
  "files": [
    {
      "filePath": "GCF_003019295.1/GCF_003019295.1_ASM301929v1_genomic.fna",
      "fileType": "GENOMIC_NUCLEOTIDE_FASTA",
      "uncompressedLengthBytes": "2207448"
    }
  ]
}]}
