{
"apiVersion": "V2",
"assemblies": [
{
  "files": [
    {
      "filePath": "data_summary.tsv",
      "fileType": "DATA_TABLE",
      "uncompressedLengthBytes": "621"
    },
    {
      "filePath": "assembly_data_report.jsonl",
      "fileType": "DATA_REPORT",
      "uncompressedLengthBytes": "7945"
    }
  ]
},{
  "accession": "GCA_003019315.1",
  "files": [
    {
      "filePath": "GCA_003019315.1/GCA_003019315.1_ASM301931v1_genomic.fna",
      "fileType": "GENOMIC_NUCLEOTIDE_FASTA",
      "uncompressedLengthBytes": "2750801"
    }
  ]
},{
  "accession": "GCF_003019315.1",
  "files": [
    {
      "filePath": "GCF_003019315.1/GCF_003019315.1_ASM301931v1_genomic.fna",
      "fileType": "GENOMIC_NUCLEOTIDE_FASTA",
      "uncompressedLengthBytes": "2750804"
    }
  ]
}]}
