{
"apiVersion": "V2",
"assemblies": [
{
  "files": [
    {
      "filePath": "data_summary.tsv",
      "fileType": "DATA_TABLE",
      "uncompressedLengthBytes": "661"
    },
    {
      "filePath": "assembly_data_report.jsonl",
      "fileType": "DATA_REPORT",
      "uncompressedLengthBytes": "5884"
    }
  ]
},{
  "accession": "GCA_000015665.1",
  "files": [
    {
      "filePath": "GCA_000015665.1/GCA_000015665.1_ASM1566v1_genomic.fna",
      "fileType": "GENOMIC_NUCLEOTIDE_FASTA",
      "uncompressedLengthBytes": "1725546"
    }
  ]
},{
  "accession": "GCF_000015665.1",
  "files": [
    {
      "filePath": "GCF_000015665.1/GCF_000015665.1_ASM1566v1_genomic.fna",
      "fileType": "GENOMIC_NUCLEOTIDE_FASTA",
      "uncompressedLengthBytes": "1725549"
    }
  ]
}]}
