{
"apiVersion": "V2",
"assemblies": [
{
  "files": [
    {
      "filePath": "data_summary.tsv",
      "fileType": "DATA_TABLE",
      "uncompressedLengthBytes": "660"
    },
    {
      "filePath": "assembly_data_report.jsonl",
      "fileType": "DATA_REPORT",
      "uncompressedLengthBytes": "8362"
    }
  ]
},{
  "accession": "GCA_002224265.1",
  "files": [
    {
      "filePath": "GCA_002224265.1/GCA_002224265.1_ASM222426v1_genomic.fna",
      "fileType": "GENOMIC_NUCLEOTIDE_FASTA",
      "uncompressedLengthBytes": "5069923"
    }
  ]
},{
  "accession": "GCF_002224265.1",
  "files": [
    {
      "filePath": "GCF_002224265.1/GCF_002224265.1_ASM222426v1_genomic.fna",
      "fileType": "GENOMIC_NUCLEOTIDE_FASTA",
      "uncompressedLengthBytes": "5069929"
    }
  ]
}]}
