{
"apiVersion": "V2",
"assemblies": [
{
  "files": [
    {
      "filePath": "data_summary.tsv",
      "fileType": "DATA_TABLE",
      "uncompressedLengthBytes": "622"
    },
    {
      "filePath": "assembly_data_report.jsonl",
      "fileType": "DATA_REPORT",
      "uncompressedLengthBytes": "6321"
    }
  ]
},{
  "accession": "GCA_000169535.1",
  "files": [
    {
      "filePath": "GCA_000169535.1/GCA_000169535.1_ASM16953v1_genomic.fna",
      "fileType": "GENOMIC_NUCLEOTIDE_FASTA",
      "uncompressedLengthBytes": "893088"
    }
  ]
},{
  "accession": "GCF_000169535.1",
  "files": [
    {
      "filePath": "GCF_000169535.1/GCF_000169535.1_ASM16953v1_genomic.fna",
      "fileType": "GENOMIC_NUCLEOTIDE_FASTA",
      "uncompressedLengthBytes": "893094"
    }
  ]
}]}
