{
"apiVersion": "V2",
"assemblies": [
{
  "files": [
    {
      "filePath": "data_summary.tsv",
      "fileType": "DATA_TABLE",
      "uncompressedLengthBytes": "628"
    },
    {
      "filePath": "assembly_data_report.jsonl",
      "fileType": "DATA_REPORT",
      "uncompressedLengthBytes": "6439"
    }
  ]
},{
  "accession": "GCA_000011325.1",
  "files": [
    {
      "filePath": "GCA_000011325.1/GCA_000011325.1_ASM1132v1_genomic.fna",
      "fileType": "GENOMIC_NUCLEOTIDE_FASTA",
      "uncompressedLengthBytes": "3350840"
    }
  ]
},{
  "accession": "GCF_000011325.1",
  "files": [
    {
      "filePath": "GCF_000011325.1/GCF_000011325.1_ASM1132v1_genomic.fna",
      "fileType": "GENOMIC_NUCLEOTIDE_FASTA",
      "uncompressedLengthBytes": "3350839"
    }
  ]
}]}
