{
"apiVersion": "V2",
"assemblies": [
{
  "files": [
    {
      "filePath": "data_summary.tsv",
      "fileType": "DATA_TABLE",
      "uncompressedLengthBytes": "577"
    },
    {
      "filePath": "assembly_data_report.jsonl",
      "fileType": "DATA_REPORT",
      "uncompressedLengthBytes": "7517"
    }
  ]
},{
  "accession": "GCA_004008975.1",
  "files": [
    {
      "filePath": "GCA_004008975.1/GCA_004008975.1_ASM400897v1_genomic.fna",
      "fileType": "GENOMIC_NUCLEOTIDE_FASTA",
      "uncompressedLengthBytes": "4139883"
    }
  ]
},{
  "accession": "GCF_004008975.1",
  "files": [
    {
      "filePath": "GCF_004008975.1/GCF_004008975.1_ASM400897v1_genomic.fna",
      "fileType": "GENOMIC_NUCLEOTIDE_FASTA",
      "uncompressedLengthBytes": "4139886"
    }
  ]
}]}
