{
"apiVersion": "V2",
"assemblies": [
{
  "files": [
    {
      "filePath": "data_summary.tsv",
      "fileType": "DATA_TABLE",
      "uncompressedLengthBytes": "589"
    },
    {
      "filePath": "assembly_data_report.jsonl",
      "fileType": "DATA_REPORT",
      "uncompressedLengthBytes": "7196"
    }
  ]
},{
  "accession": "GCA_025998455.1",
  "files": [
    {
      "filePath": "GCA_025998455.1/GCA_025998455.1_ASM2599845v1_genomic.fna",
      "fileType": "GENOMIC_NUCLEOTIDE_FASTA",
      "uncompressedLengthBytes": "1717869"
    }
  ]
},{
  "accession": "GCF_025998455.1",
  "files": [
    {
      "filePath": "GCF_025998455.1/GCF_025998455.1_ASM2599845v1_genomic.fna",
      "fileType": "GENOMIC_NUCLEOTIDE_FASTA",
      "uncompressedLengthBytes": "1717886"
    }
  ]
}]}
