{
"apiVersion": "V2",
"assemblies": [
{
  "files": [
    {
      "filePath": "data_summary.tsv",
      "fileType": "DATA_TABLE",
      "uncompressedLengthBytes": "625"
    },
    {
      "filePath": "assembly_data_report.jsonl",
      "fileType": "DATA_REPORT",
      "uncompressedLengthBytes": "7617"
    }
  ]
},{
  "accession": "GCA_013388375.1",
  "files": [
    {
      "filePath": "GCA_013388375.1/GCA_013388375.1_ASM1338837v1_genomic.fna",
      "fileType": "GENOMIC_NUCLEOTIDE_FASTA",
      "uncompressedLengthBytes": "5003908"
    }
  ]
},{
  "accession": "GCF_013388375.1",
  "files": [
    {
      "filePath": "GCF_013388375.1/GCF_013388375.1_ASM1338837v1_genomic.fna",
      "fileType": "GENOMIC_NUCLEOTIDE_FASTA",
      "uncompressedLengthBytes": "5003911"
    }
  ]
}]}
