{
"apiVersion": "V2",
"assemblies": [
{
  "files": [
    {
      "filePath": "data_summary.tsv",
      "fileType": "DATA_TABLE",
      "uncompressedLengthBytes": "569"
    },
    {
      "filePath": "assembly_data_report.jsonl",
      "fileType": "DATA_REPORT",
      "uncompressedLengthBytes": "5158"
    }
  ]
},{
  "accession": "GCA_000007765.2",
  "files": [
    {
      "filePath": "GCA_000007765.2/GCA_000007765.2_ASM776v2_genomic.fna",
      "fileType": "GENOMIC_NUCLEOTIDE_FASTA",
      "uncompressedLengthBytes": "2058344"
    }
  ]
},{
  "accession": "GCF_000007765.2",
  "files": [
    {
      "filePath": "GCF_000007765.2/GCF_000007765.2_ASM776v2_genomic.fna",
      "fileType": "GENOMIC_NUCLEOTIDE_FASTA",
      "uncompressedLengthBytes": "2058346"
    }
  ]
}]}
