{
"apiVersion": "V2",
"assemblies": [
{
  "files": [
    {
      "filePath": "data_summary.tsv",
      "fileType": "DATA_TABLE",
      "uncompressedLengthBytes": "624"
    },
    {
      "filePath": "assembly_data_report.jsonl",
      "fileType": "DATA_REPORT",
      "uncompressedLengthBytes": "11289"
    }
  ]
},{
  "accession": "GCA_000184345.2",
  "files": [
    {
      "filePath": "GCA_000184345.2/GCA_000184345.2_ASM18434v2_genomic.fna",
      "fileType": "GENOMIC_NUCLEOTIDE_FASTA",
      "uncompressedLengthBytes": "2592287"
    }
  ]
},{
  "accession": "GCF_000184345.1",
  "files": [
    {
      "filePath": "GCF_000184345.1/GCF_000184345.1_ASM18434v2_genomic.fna",
      "fileType": "GENOMIC_NUCLEOTIDE_FASTA",
      "uncompressedLengthBytes": "2592290"
    }
  ]
}]}
