{
"apiVersion": "V2",
"assemblies": [
{
  "files": [
    {
      "filePath": "data_summary.tsv",
      "fileType": "DATA_TABLE",
      "uncompressedLengthBytes": "612"
    },
    {
      "filePath": "assembly_data_report.jsonl",
      "fileType": "DATA_REPORT",
      "uncompressedLengthBytes": "8485"
    }
  ]
},{
  "accession": "GCA_000025985.1",
  "files": [
    {
      "filePath": "GCA_000025985.1/GCA_000025985.1_ASM2598v1_genomic.fna",
      "fileType": "GENOMIC_NUCLEOTIDE_FASTA",
      "uncompressedLengthBytes": "5307359"
    }
  ]
},{
  "accession": "GCF_000025985.1",
  "files": [
    {
      "filePath": "GCF_000025985.1/GCF_000025985.1_ASM2598v1_genomic.fna",
      "fileType": "GENOMIC_NUCLEOTIDE_FASTA",
      "uncompressedLengthBytes": "5307364"
    }
  ]
}]}
