{
"apiVersion": "V2",
"assemblies": [
{
  "files": [
    {
      "filePath": "data_summary.tsv",
      "fileType": "DATA_TABLE",
      "uncompressedLengthBytes": "649"
    },
    {
      "filePath": "assembly_data_report.jsonl",
      "fileType": "DATA_REPORT",
      "uncompressedLengthBytes": "6245"
    }
  ]
},{
  "accession": "GCA_000091545.1",
  "files": [
    {
      "filePath": "GCA_000091545.1/GCA_000091545.1_ASM9154v1_genomic.fna",
      "fileType": "GENOMIC_NUCLEOTIDE_FASTA",
      "uncompressedLengthBytes": "2142721"
    }
  ]
},{
  "accession": "GCF_000091545.1",
  "files": [
    {
      "filePath": "GCF_000091545.1/GCF_000091545.1_ASM9154v1_genomic.fna",
      "fileType": "GENOMIC_NUCLEOTIDE_FASTA",
      "uncompressedLengthBytes": "2142719"
    }
  ]
}]}
