{
"apiVersion": "V2",
"assemblies": [
{
  "files": [
    {
      "filePath": "data_summary.tsv",
      "fileType": "DATA_TABLE",
      "uncompressedLengthBytes": "567"
    },
    {
      "filePath": "assembly_data_report.jsonl",
      "fileType": "DATA_REPORT",
      "uncompressedLengthBytes": "8758"
    }
  ]
},{
  "accession": "GCA_004306555.1",
  "files": [
    {
      "filePath": "GCA_004306555.1/GCA_004306555.1_ASM430655v1_genomic.fna",
      "fileType": "GENOMIC_NUCLEOTIDE_FASTA",
      "uncompressedLengthBytes": "7694046"
    }
  ]
},{
  "accession": "GCF_004306555.1",
  "files": [
    {
      "filePath": "GCF_004306555.1/GCF_004306555.1_ASM430655v1_genomic.fna",
      "fileType": "GENOMIC_NUCLEOTIDE_FASTA",
      "uncompressedLengthBytes": "7694153"
    }
  ]
}]}
