{
"apiVersion": "V2",
"assemblies": [
{
  "files": [
    {
      "filePath": "data_summary.tsv",
      "fileType": "DATA_TABLE",
      "uncompressedLengthBytes": "610"
    },
    {
      "filePath": "assembly_data_report.jsonl",
      "fileType": "DATA_REPORT",
      "uncompressedLengthBytes": "7621"
    }
  ]
},{
  "accession": "GCA_001750725.1",
  "files": [
    {
      "filePath": "GCA_001750725.1/GCA_001750725.1_ASM175072v1_genomic.fna",
      "fileType": "GENOMIC_NUCLEOTIDE_FASTA",
      "uncompressedLengthBytes": "5014841"
    }
  ]
},{
  "accession": "GCF_001750725.1",
  "files": [
    {
      "filePath": "GCF_001750725.1/GCF_001750725.1_ASM175072v1_genomic.fna",
      "fileType": "GENOMIC_NUCLEOTIDE_FASTA",
      "uncompressedLengthBytes": "5014845"
    }
  ]
}]}
