{
"apiVersion": "V2",
"assemblies": [
{
  "files": [
    {
      "filePath": "data_summary.tsv",
      "fileType": "DATA_TABLE",
      "uncompressedLengthBytes": "620"
    },
    {
      "filePath": "assembly_data_report.jsonl",
      "fileType": "DATA_REPORT",
      "uncompressedLengthBytes": "9051"
    }
  ]
},{
  "accession": "GCA_019930925.1",
  "files": [
    {
      "filePath": "GCA_019930925.1/GCA_019930925.1_ASM1993092v1_genomic.fna",
      "fileType": "GENOMIC_NUCLEOTIDE_FASTA",
      "uncompressedLengthBytes": "1971143"
    }
  ]
},{
  "accession": "GCF_019930925.1",
  "files": [
    {
      "filePath": "GCF_019930925.1/GCF_019930925.1_ASM1993092v1_genomic.fna",
      "fileType": "GENOMIC_NUCLEOTIDE_FASTA",
      "uncompressedLengthBytes": "1971146"
    }
  ]
}]}
