{
"apiVersion": "V2",
"assemblies": [
{
  "files": [
    {
      "filePath": "data_summary.tsv",
      "fileType": "DATA_TABLE",
      "uncompressedLengthBytes": "587"
    },
    {
      "filePath": "assembly_data_report.jsonl",
      "fileType": "DATA_REPORT",
      "uncompressedLengthBytes": "7633"
    }
  ]
},{
  "accession": "GCA_011600945.2",
  "files": [
    {
      "filePath": "GCA_011600945.2/GCA_011600945.2_ASM1160094v2_genomic.fna",
      "fileType": "GENOMIC_NUCLEOTIDE_FASTA",
      "uncompressedLengthBytes": "1827308"
    }
  ]
},{
  "accession": "GCF_011600945.2",
  "files": [
    {
      "filePath": "GCF_011600945.2/GCF_011600945.2_ASM1160094v2_genomic.fna",
      "fileType": "GENOMIC_NUCLEOTIDE_FASTA",
      "uncompressedLengthBytes": "1827314"
    }
  ]
}]}
