{
"apiVersion": "V2",
"assemblies": [
{
  "files": [
    {
      "filePath": "data_summary.tsv",
      "fileType": "DATA_TABLE",
      "uncompressedLengthBytes": "598"
    },
    {
      "filePath": "assembly_data_report.jsonl",
      "fileType": "DATA_REPORT",
      "uncompressedLengthBytes": "5140"
    }
  ]
},{
  "accession": "GCA_000007905.1",
  "files": [
    {
      "filePath": "GCA_000007905.1/GCA_000007905.1_ASM790v1_genomic.fna",
      "fileType": "GENOMIC_NUCLEOTIDE_FASTA",
      "uncompressedLengthBytes": "1821699"
    }
  ]
},{
  "accession": "GCF_000007905.1",
  "files": [
    {
      "filePath": "GCF_000007905.1/GCF_000007905.1_ASM790v1_genomic.fna",
      "fileType": "GENOMIC_NUCLEOTIDE_FASTA",
      "uncompressedLengthBytes": "1821702"
    }
  ]
}]}
