{
"apiVersion": "V2",
"assemblies": [
{
  "files": [
    {
      "filePath": "data_summary.tsv",
      "fileType": "DATA_TABLE",
      "uncompressedLengthBytes": "562"
    },
    {
      "filePath": "assembly_data_report.jsonl",
      "fileType": "DATA_REPORT",
      "uncompressedLengthBytes": "8219"
    }
  ]
},{
  "accession": "GCA_000058485.1",
  "files": [
    {
      "filePath": "GCA_000058485.1/GCA_000058485.1_ASM5848v1_genomic.fna",
      "fileType": "GENOMIC_NUCLEOTIDE_FASTA",
      "uncompressedLengthBytes": "7591726"
    }
  ]
},{
  "accession": "GCF_000058485.1",
  "files": [
    {
      "filePath": "GCF_000058485.1/GCF_000058485.1_ASM5848v1_genomic.fna",
      "fileType": "GENOMIC_NUCLEOTIDE_FASTA",
      "uncompressedLengthBytes": "7591711"
    }
  ]
}]}
