{
"apiVersion": "V2",
"assemblies": [
{
  "files": [
    {
      "filePath": "data_summary.tsv",
      "fileType": "DATA_TABLE",
      "uncompressedLengthBytes": "597"
    },
    {
      "filePath": "assembly_data_report.jsonl",
      "fileType": "DATA_REPORT",
      "uncompressedLengthBytes": "7144"
    }
  ]
},{
  "accession": "GCA_004799605.1",
  "files": [
    {
      "filePath": "GCA_004799605.1/GCA_004799605.1_ASM479960v1_genomic.fna",
      "fileType": "GENOMIC_NUCLEOTIDE_FASTA",
      "uncompressedLengthBytes": "2460296"
    }
  ]
},{
  "accession": "GCF_004799605.1",
  "files": [
    {
      "filePath": "GCF_004799605.1/GCF_004799605.1_ASM479960v1_genomic.fna",
      "fileType": "GENOMIC_NUCLEOTIDE_FASTA",
      "uncompressedLengthBytes": "2460305"
    }
  ]
}]}
