{
"apiVersion": "V2",
"assemblies": [
{
  "files": [
    {
      "filePath": "data_summary.tsv",
      "fileType": "DATA_TABLE",
      "uncompressedLengthBytes": "644"
    },
    {
      "filePath": "assembly_data_report.jsonl",
      "fileType": "DATA_REPORT",
      "uncompressedLengthBytes": "6052"
    }
  ]
},{
  "accession": "GCA_000008445.1",
  "files": [
    {
      "filePath": "GCA_000008445.1/GCA_000008445.1_ASM844v1_genomic.fna",
      "fileType": "GENOMIC_NUCLEOTIDE_FASTA",
      "uncompressedLengthBytes": "5572963"
    }
  ]
},{
  "accession": "GCF_000008445.1",
  "files": [
    {
      "filePath": "GCF_000008445.1/GCF_000008445.1_ASM844v1_genomic.fna",
      "fileType": "GENOMIC_NUCLEOTIDE_FASTA",
      "uncompressedLengthBytes": "5572968"
    }
  ]
}]}
