{
"apiVersion": "V2",
"assemblies": [
{
  "files": [
    {
      "filePath": "data_summary.tsv",
      "fileType": "DATA_TABLE",
      "uncompressedLengthBytes": "535"
    },
    {
      "filePath": "assembly_data_report.jsonl",
      "fileType": "DATA_REPORT",
      "uncompressedLengthBytes": "7647"
    }
  ]
},{
  "accession": "GCA_902374465.1",
  "files": [
    {
      "filePath": "GCA_902374465.1/GCA_902374465.1_MGYG-HGUT-01384_genomic.fna",
      "fileType": "GENOMIC_NUCLEOTIDE_FASTA",
      "uncompressedLengthBytes": "5322723"
    }
  ]
},{
  "accession": "GCF_902374465.1",
  "files": [
    {
      "filePath": "GCF_902374465.1/GCF_902374465.1_MGYG-HGUT-01384_genomic.fna",
      "fileType": "GENOMIC_NUCLEOTIDE_FASTA",
      "uncompressedLengthBytes": "5322111"
    }
  ]
}]}
