{
"apiVersion": "V2",
"assemblies": [
{
  "files": [
    {
      "filePath": "data_summary.tsv",
      "fileType": "DATA_TABLE",
      "uncompressedLengthBytes": "629"
    },
    {
      "filePath": "assembly_data_report.jsonl",
      "fileType": "DATA_REPORT",
      "uncompressedLengthBytes": "7371"
    }
  ]
},{
  "accession": "GCA_000961215.1",
  "files": [
    {
      "filePath": "GCA_000961215.1/GCA_000961215.1_ASM96121v1_genomic.fna",
      "fileType": "GENOMIC_NUCLEOTIDE_FASTA",
      "uncompressedLengthBytes": "5287785"
    }
  ]
},{
  "accession": "GCF_000961215.1",
  "files": [
    {
      "filePath": "GCF_000961215.1/GCF_000961215.1_ASM96121v1_genomic.fna",
      "fileType": "GENOMIC_NUCLEOTIDE_FASTA",
      "uncompressedLengthBytes": "5287796"
    }
  ]
}]}
