{
"apiVersion": "V2",
"assemblies": [
{
  "files": [
    {
      "filePath": "data_summary.tsv",
      "fileType": "DATA_TABLE",
      "uncompressedLengthBytes": "583"
    },
    {
      "filePath": "assembly_data_report.jsonl",
      "fileType": "DATA_REPORT",
      "uncompressedLengthBytes": "7892"
    }
  ]
},{
  "accession": "GCA_030291735.1",
  "files": [
    {
      "filePath": "GCA_030291735.1/GCA_030291735.1_ASM3029173v1_genomic.fna",
      "fileType": "GENOMIC_NUCLEOTIDE_FASTA",
      "uncompressedLengthBytes": "5225445"
    }
  ]
},{
  "accession": "GCF_030291735.1",
  "files": [
    {
      "filePath": "GCF_030291735.1/GCF_030291735.1_ASM3029173v1_genomic.fna",
      "fileType": "GENOMIC_NUCLEOTIDE_FASTA",
      "uncompressedLengthBytes": "5225451"
    }
  ]
}]}
