{
"apiVersion": "V2",
"assemblies": [
{
  "files": [
    {
      "filePath": "data_summary.tsv",
      "fileType": "DATA_TABLE",
      "uncompressedLengthBytes": "648"
    },
    {
      "filePath": "assembly_data_report.jsonl",
      "fileType": "DATA_REPORT",
      "uncompressedLengthBytes": "8300"
    }
  ]
},{
  "accession": "GCA_001941585.1",
  "files": [
    {
      "filePath": "GCA_001941585.1/GCA_001941585.1_ASM194158v1_genomic.fna",
      "fileType": "GENOMIC_NUCLEOTIDE_FASTA",
      "uncompressedLengthBytes": "3451854"
    }
  ]
},{
  "accession": "GCF_001941585.1",
  "files": [
    {
      "filePath": "GCF_001941585.1/GCF_001941585.1_ASM194158v1_genomic.fna",
      "fileType": "GENOMIC_NUCLEOTIDE_FASTA",
      "uncompressedLengthBytes": "3451857"
    }
  ]
}]}
