{
"apiVersion": "V2",
"assemblies": [
{
  "files": [
    {
      "filePath": "data_summary.tsv",
      "fileType": "DATA_TABLE",
      "uncompressedLengthBytes": "574"
    },
    {
      "filePath": "assembly_data_report.jsonl",
      "fileType": "DATA_REPORT",
      "uncompressedLengthBytes": "7615"
    }
  ]
},{
  "accession": "GCA_013030075.1",
  "files": [
    {
      "filePath": "GCA_013030075.1/GCA_013030075.1_ASM1303007v1_genomic.fna",
      "fileType": "GENOMIC_NUCLEOTIDE_FASTA",
      "uncompressedLengthBytes": "2199049"
    }
  ]
},{
  "accession": "GCF_013030075.1",
  "files": [
    {
      "filePath": "GCF_013030075.1/GCF_013030075.1_ASM1303007v1_genomic.fna",
      "fileType": "GENOMIC_NUCLEOTIDE_FASTA",
      "uncompressedLengthBytes": "2199074"
    }
  ]
}]}
