{
"apiVersion": "V2",
"assemblies": [
{
  "files": [
    {
      "filePath": "data_summary.tsv",
      "fileType": "DATA_TABLE",
      "uncompressedLengthBytes": "608"
    },
    {
      "filePath": "assembly_data_report.jsonl",
      "fileType": "DATA_REPORT",
      "uncompressedLengthBytes": "6302"
    }
  ]
},{
  "accession": "GCA_009586235.1",
  "files": [
    {
      "filePath": "GCA_009586235.1/GCA_009586235.1_ASM958623v1_genomic.fna",
      "fileType": "GENOMIC_NUCLEOTIDE_FASTA",
      "uncompressedLengthBytes": "8471686"
    }
  ]
},{
  "accession": "GCF_009586235.1",
  "files": [
    {
      "filePath": "GCF_009586235.1/GCF_009586235.1_ASM958623v1_genomic.fna",
      "fileType": "GENOMIC_NUCLEOTIDE_FASTA",
      "uncompressedLengthBytes": "8471695"
    }
  ]
}]}
