{
"apiVersion": "V2",
"assemblies": [
{
  "files": [
    {
      "filePath": "data_summary.tsv",
      "fileType": "DATA_TABLE",
      "uncompressedLengthBytes": "586"
    },
    {
      "filePath": "assembly_data_report.jsonl",
      "fileType": "DATA_REPORT",
      "uncompressedLengthBytes": "5882"
    }
  ]
},{
  "accession": "GCA_000011905.1",
  "files": [
    {
      "filePath": "GCA_000011905.1/GCA_000011905.1_ASM1190v1_genomic.fna",
      "fileType": "GENOMIC_NUCLEOTIDE_FASTA",
      "uncompressedLengthBytes": "1488161"
    }
  ]
},{
  "accession": "GCF_000011905.1",
  "files": [
    {
      "filePath": "GCF_000011905.1/GCF_000011905.1_ASM1190v1_genomic.fna",
      "fileType": "GENOMIC_NUCLEOTIDE_FASTA",
      "uncompressedLengthBytes": "1488153"
    }
  ]
}]}
