{
"apiVersion": "V2",
"assemblies": [
{
  "files": [
    {
      "filePath": "data_summary.tsv",
      "fileType": "DATA_TABLE",
      "uncompressedLengthBytes": "579"
    },
    {
      "filePath": "assembly_data_report.jsonl",
      "fileType": "DATA_REPORT",
      "uncompressedLengthBytes": "6760"
    }
  ]
},{
  "accession": "GCA_017309605.1",
  "files": [
    {
      "filePath": "GCA_017309605.1/GCA_017309605.1_ASM1730960v1_genomic.fna",
      "fileType": "GENOMIC_NUCLEOTIDE_FASTA",
      "uncompressedLengthBytes": "5166798"
    }
  ]
},{
  "accession": "GCF_017309605.1",
  "files": [
    {
      "filePath": "GCF_017309605.1/GCF_017309605.1_ASM1730960v1_genomic.fna",
      "fileType": "GENOMIC_NUCLEOTIDE_FASTA",
      "uncompressedLengthBytes": "5166801"
    }
  ]
}]}
