{
"apiVersion": "V2",
"assemblies": [
{
  "files": [
    {
      "filePath": "data_summary.tsv",
      "fileType": "DATA_TABLE",
      "uncompressedLengthBytes": "659"
    },
    {
      "filePath": "assembly_data_report.jsonl",
      "fileType": "DATA_REPORT",
      "uncompressedLengthBytes": "7926"
    }
  ]
},{
  "accession": "GCA_020546685.1",
  "files": [
    {
      "filePath": "GCA_020546685.1/GCA_020546685.1_ASM2054668v1_genomic.fna",
      "fileType": "GENOMIC_NUCLEOTIDE_FASTA",
      "uncompressedLengthBytes": "3321105"
    }
  ]
},{
  "accession": "GCF_020546685.1",
  "files": [
    {
      "filePath": "GCF_020546685.1/GCF_020546685.1_ASM2054668v1_genomic.fna",
      "fileType": "GENOMIC_NUCLEOTIDE_FASTA",
      "uncompressedLengthBytes": "3321064"
    }
  ]
}]}
