{
"apiVersion": "V2",
"assemblies": [
{
  "files": [
    {
      "filePath": "data_summary.tsv",
      "fileType": "DATA_TABLE",
      "uncompressedLengthBytes": "625"
    },
    {
      "filePath": "assembly_data_report.jsonl",
      "fileType": "DATA_REPORT",
      "uncompressedLengthBytes": "8067"
    }
  ]
},{
  "accession": "GCA_000284615.1",
  "files": [
    {
      "filePath": "GCA_000284615.1/GCA_000284615.1_ASM28461v1_genomic.fna",
      "fileType": "GENOMIC_NUCLEOTIDE_FASTA",
      "uncompressedLengthBytes": "4039440"
    }
  ]
},{
  "accession": "GCF_000284615.1",
  "files": [
    {
      "filePath": "GCF_000284615.1/GCF_000284615.1_ASM28461v1_genomic.fna",
      "fileType": "GENOMIC_NUCLEOTIDE_FASTA",
      "uncompressedLengthBytes": "4039414"
    }
  ]
}]}
