{
"apiVersion": "V2",
"assemblies": [
{
  "files": [
    {
      "filePath": "data_summary.tsv",
      "fileType": "DATA_TABLE",
      "uncompressedLengthBytes": "612"
    },
    {
      "filePath": "assembly_data_report.jsonl",
      "fileType": "DATA_REPORT",
      "uncompressedLengthBytes": "6579"
    }
  ]
},{
  "accession": "GCA_000330885.1",
  "files": [
    {
      "filePath": "GCA_000330885.1/GCA_000330885.1_ASM33088v1_genomic.fna",
      "fileType": "GENOMIC_NUCLEOTIDE_FASTA",
      "uncompressedLengthBytes": "6770208"
    }
  ]
},{
  "accession": "GCF_000330885.1",
  "files": [
    {
      "filePath": "GCF_000330885.1/GCF_000330885.1_ASM33088v1_genomic.fna",
      "fileType": "GENOMIC_NUCLEOTIDE_FASTA",
      "uncompressedLengthBytes": "6770214"
    }
  ]
}]}
