{
"apiVersion": "V2",
"assemblies": [
{
  "files": [
    {
      "filePath": "data_summary.tsv",
      "fileType": "DATA_TABLE",
      "uncompressedLengthBytes": "621"
    },
    {
      "filePath": "assembly_data_report.jsonl",
      "fileType": "DATA_REPORT",
      "uncompressedLengthBytes": "8219"
    }
  ]
},{
  "accession": "GCA_007991515.1",
  "files": [
    {
      "filePath": "GCA_007991515.1/GCA_007991515.1_ASM799151v1_genomic.fna",
      "fileType": "GENOMIC_NUCLEOTIDE_FASTA",
      "uncompressedLengthBytes": "4894169"
    }
  ]
},{
  "accession": "GCF_007991515.1",
  "files": [
    {
      "filePath": "GCF_007991515.1/GCF_007991515.1_ASM799151v1_genomic.fna",
      "fileType": "GENOMIC_NUCLEOTIDE_FASTA",
      "uncompressedLengthBytes": "4894404"
    }
  ]
}]}
