{
"apiVersion": "V2",
"assemblies": [
{
  "files": [
    {
      "filePath": "data_summary.tsv",
      "fileType": "DATA_TABLE",
      "uncompressedLengthBytes": "605"
    },
    {
      "filePath": "assembly_data_report.jsonl",
      "fileType": "DATA_REPORT",
      "uncompressedLengthBytes": "6622"
    }
  ]
},{
  "accession": "GCA_000393015.1",
  "files": [
    {
      "filePath": "GCA_000393015.1/GCA_000393015.1_Ente_faec_T5_V1_genomic.fna",
      "fileType": "GENOMIC_NUCLEOTIDE_FASTA",
      "uncompressedLengthBytes": "2906574"
    }
  ]
},{
  "accession": "GCF_000393015.1",
  "files": [
    {
      "filePath": "GCF_000393015.1/GCF_000393015.1_Ente_faec_T5_V1_genomic.fna",
      "fileType": "GENOMIC_NUCLEOTIDE_FASTA",
      "uncompressedLengthBytes": "2906583"
    }
  ]
}]}
