{
"apiVersion": "V2",
"assemblies": [
{
  "files": [
    {
      "filePath": "data_summary.tsv",
      "fileType": "DATA_TABLE",
      "uncompressedLengthBytes": "674"
    },
    {
      "filePath": "assembly_data_report.jsonl",
      "fileType": "DATA_REPORT",
      "uncompressedLengthBytes": "8295"
    }
  ]
},{
  "accession": "GCA_030297255.1",
  "files": [
    {
      "filePath": "GCA_030297255.1/GCA_030297255.1_ASM3029725v1_genomic.fna",
      "fileType": "GENOMIC_NUCLEOTIDE_FASTA",
      "uncompressedLengthBytes": "7169798"
    }
  ]
},{
  "accession": "GCF_030297255.1",
  "files": [
    {
      "filePath": "GCF_030297255.1/GCF_030297255.1_ASM3029725v1_genomic.fna",
      "fileType": "GENOMIC_NUCLEOTIDE_FASTA",
      "uncompressedLengthBytes": "7169808"
    }
  ]
}]}
