{
"apiVersion": "V2",
"assemblies": [
{
  "files": [
    {
      "filePath": "data_summary.tsv",
      "fileType": "DATA_TABLE",
      "uncompressedLengthBytes": "383"
    },
    {
      "filePath": "assembly_data_report.jsonl",
      "fileType": "DATA_REPORT",
      "uncompressedLengthBytes": "3704"
    }
  ]
},{
  "accession": "GCF_005221285.1",
  "files": [
    {
      "filePath": "GCF_005221285.1/GCF_005221285.1_ASM522128v1_genomic.fna",
      "fileType": "GENOMIC_NUCLEOTIDE_FASTA",
      "uncompressedLengthBytes": "2259863"
    }
  ]
}]}
