{
"apiVersion": "V2",
"assemblies": [
{
  "files": [
    {
      "filePath": "data_summary.tsv",
      "fileType": "DATA_TABLE",
      "uncompressedLengthBytes": "645"
    },
    {
      "filePath": "assembly_data_report.jsonl",
      "fileType": "DATA_REPORT",
      "uncompressedLengthBytes": "8143"
    }
  ]
},{
  "accession": "GCA_001953955.1",
  "files": [
    {
      "filePath": "GCA_001953955.1/GCA_001953955.1_ASM195395v1_genomic.fna",
      "fileType": "GENOMIC_NUCLEOTIDE_FASTA",
      "uncompressedLengthBytes": "2707813"
    }
  ]
},{
  "accession": "GCF_001953955.1",
  "files": [
    {
      "filePath": "GCF_001953955.1/GCF_001953955.1_ASM195395v1_genomic.fna",
      "fileType": "GENOMIC_NUCLEOTIDE_FASTA",
      "uncompressedLengthBytes": "2707819"
    }
  ]
}]}
