{
"apiVersion": "V2",
"assemblies": [
{
  "files": [
    {
      "filePath": "data_summary.tsv",
      "fileType": "DATA_TABLE",
      "uncompressedLengthBytes": "658"
    },
    {
      "filePath": "assembly_data_report.jsonl",
      "fileType": "DATA_REPORT",
      "uncompressedLengthBytes": "7240"
    }
  ]
},{
  "accession": "GCA_000196875.2",
  "files": [
    {
      "filePath": "GCA_000196875.2/GCA_000196875.2_ASM19687v2_genomic.fna",
      "fileType": "GENOMIC_NUCLEOTIDE_FASTA",
      "uncompressedLengthBytes": "4112655"
    }
  ]
},{
  "accession": "GCF_000196875.2",
  "files": [
    {
      "filePath": "GCF_000196875.2/GCF_000196875.2_ASM19687v2_genomic.fna",
      "fileType": "GENOMIC_NUCLEOTIDE_FASTA",
      "uncompressedLengthBytes": "4112658"
    }
  ]
}]}
