{
"apiVersion": "V2",
"assemblies": [
{
  "files": [
    {
      "filePath": "data_summary.tsv",
      "fileType": "DATA_TABLE",
      "uncompressedLengthBytes": "632"
    },
    {
      "filePath": "assembly_data_report.jsonl",
      "fileType": "DATA_REPORT",
      "uncompressedLengthBytes": "7037"
    }
  ]
},{
  "accession": "GCA_002072065.1",
  "files": [
    {
      "filePath": "GCA_002072065.1/GCA_002072065.1_ASM207206v1_genomic.fna",
      "fileType": "GENOMIC_NUCLEOTIDE_FASTA",
      "uncompressedLengthBytes": "3549182"
    }
  ]
},{
  "accession": "GCF_002072065.1",
  "files": [
    {
      "filePath": "GCF_002072065.1/GCF_002072065.1_ASM207206v1_genomic.fna",
      "fileType": "GENOMIC_NUCLEOTIDE_FASTA",
      "uncompressedLengthBytes": "3549183"
    }
  ]
}]}
