{
"apiVersion": "V2",
"assemblies": [
{
  "files": [
    {
      "filePath": "data_summary.tsv",
      "fileType": "DATA_TABLE",
      "uncompressedLengthBytes": "598"
    },
    {
      "filePath": "assembly_data_report.jsonl",
      "fileType": "DATA_REPORT",
      "uncompressedLengthBytes": "7221"
    }
  ]
},{
  "accession": "GCA_002220285.1",
  "files": [
    {
      "filePath": "GCA_002220285.1/GCA_002220285.1_ASM222028v1_genomic.fna",
      "fileType": "GENOMIC_NUCLEOTIDE_FASTA",
      "uncompressedLengthBytes": "5910168"
    }
  ]
},{
  "accession": "GCF_002220285.1",
  "files": [
    {
      "filePath": "GCF_002220285.1/GCF_002220285.1_ASM222028v1_genomic.fna",
      "fileType": "GENOMIC_NUCLEOTIDE_FASTA",
      "uncompressedLengthBytes": "5910177"
    }
  ]
}]}
