{
"apiVersion": "V2",
"assemblies": [
{
  "files": [
    {
      "filePath": "data_summary.tsv",
      "fileType": "DATA_TABLE",
      "uncompressedLengthBytes": "590"
    },
    {
      "filePath": "assembly_data_report.jsonl",
      "fileType": "DATA_REPORT",
      "uncompressedLengthBytes": "7230"
    }
  ]
},{
  "accession": "GCA_008369605.1",
  "files": [
    {
      "filePath": "GCA_008369605.1/GCA_008369605.1_ASM836960v1_genomic.fna",
      "fileType": "GENOMIC_NUCLEOTIDE_FASTA",
      "uncompressedLengthBytes": "4190365"
    }
  ]
},{
  "accession": "GCF_008369605.1",
  "files": [
    {
      "filePath": "GCF_008369605.1/GCF_008369605.1_ASM836960v1_genomic.fna",
      "fileType": "GENOMIC_NUCLEOTIDE_FASTA",
      "uncompressedLengthBytes": "4190374"
    }
  ]
}]}
