{
"apiVersion": "V2",
"assemblies": [
{
  "files": [
    {
      "filePath": "data_summary.tsv",
      "fileType": "DATA_TABLE",
      "uncompressedLengthBytes": "397"
    },
    {
      "filePath": "assembly_data_report.jsonl",
      "fileType": "DATA_REPORT",
      "uncompressedLengthBytes": "4193"
    }
  ]
},{
  "accession": "GCF_022984195.1",
  "files": [
    {
      "filePath": "GCF_022984195.1/GCF_022984195.1_ASM2298419v1_genomic.fna",
      "fileType": "GENOMIC_NUCLEOTIDE_FASTA",
      "uncompressedLengthBytes": "2784207"
    }
  ]
}]}
