{
"apiVersion": "V2",
"assemblies": [
{
  "files": [
    {
      "filePath": "data_summary.tsv",
      "fileType": "DATA_TABLE",
      "uncompressedLengthBytes": "610"
    },
    {
      "filePath": "assembly_data_report.jsonl",
      "fileType": "DATA_REPORT",
      "uncompressedLengthBytes": "9475"
    }
  ]
},{
  "accession": "GCA_009730395.1",
  "files": [
    {
      "filePath": "GCA_009730395.1/GCA_009730395.1_ASM973039v1_genomic.fna",
      "fileType": "GENOMIC_NUCLEOTIDE_FASTA",
      "uncompressedLengthBytes": "1738160"
    }
  ]
},{
  "accession": "GCF_009730395.1",
  "files": [
    {
      "filePath": "GCF_009730395.1/GCF_009730395.1_ASM973039v1_genomic.fna",
      "fileType": "GENOMIC_NUCLEOTIDE_FASTA",
      "uncompressedLengthBytes": "1738166"
    }
  ]
}]}
