{
"apiVersion": "V2",
"assemblies": [
{
  "files": [
    {
      "filePath": "data_summary.tsv",
      "fileType": "DATA_TABLE",
      "uncompressedLengthBytes": "609"
    },
    {
      "filePath": "assembly_data_report.jsonl",
      "fileType": "DATA_REPORT",
      "uncompressedLengthBytes": "7490"
    }
  ]
},{
  "accession": "GCA_000063585.1",
  "files": [
    {
      "filePath": "GCA_000063585.1/GCA_000063585.1_ASM6358v1_genomic.fna",
      "fileType": "GENOMIC_NUCLEOTIDE_FASTA",
      "uncompressedLengthBytes": "3952203"
    }
  ]
},{
  "accession": "GCF_000063585.1",
  "files": [
    {
      "filePath": "GCF_000063585.1/GCF_000063585.1_ASM6358v1_genomic.fna",
      "fileType": "GENOMIC_NUCLEOTIDE_FASTA",
      "uncompressedLengthBytes": "3952211"
    }
  ]
}]}
