{
"apiVersion": "V2",
"assemblies": [
{
  "files": [
    {
      "filePath": "data_summary.tsv",
      "fileType": "DATA_TABLE",
      "uncompressedLengthBytes": "677"
    },
    {
      "filePath": "assembly_data_report.jsonl",
      "fileType": "DATA_REPORT",
      "uncompressedLengthBytes": "6134"
    }
  ]
},{
  "accession": "GCA_900176145.1",
  "files": [
    {
      "filePath": "GCA_900176145.1/GCA_900176145.1_IMG-taxon_2506210005_annotated_assembly_genomic.fna",
      "fileType": "GENOMIC_NUCLEOTIDE_FASTA",
      "uncompressedLengthBytes": "3909527"
    }
  ]
},{
  "accession": "GCF_900176145.1",
  "files": [
    {
      "filePath": "GCF_900176145.1/GCF_900176145.1_IMG-taxon_2506210005_annotated_assembly_genomic.fna",
      "fileType": "GENOMIC_NUCLEOTIDE_FASTA",
      "uncompressedLengthBytes": "3909467"
    }
  ]
}]}
