{
"apiVersion": "V2",
"assemblies": [
{
  "files": [
    {
      "filePath": "data_summary.tsv",
      "fileType": "DATA_TABLE",
      "uncompressedLengthBytes": "549"
    },
    {
      "filePath": "assembly_data_report.jsonl",
      "fileType": "DATA_REPORT",
      "uncompressedLengthBytes": "6432"
    }
  ]
},{
  "accession": "GCA_000018565.1",
  "files": [
    {
      "filePath": "GCA_000018565.1/GCA_000018565.1_ASM1856v1_genomic.fna",
      "fileType": "GENOMIC_NUCLEOTIDE_FASTA",
      "uncompressedLengthBytes": "6870473"
    }
  ]
},{
  "accession": "GCF_000018565.1",
  "files": [
    {
      "filePath": "GCF_000018565.1/GCF_000018565.1_ASM1856v1_genomic.fna",
      "fileType": "GENOMIC_NUCLEOTIDE_FASTA",
      "uncompressedLengthBytes": "6870476"
    }
  ]
}]}
