{
"apiVersion": "V2",
"assemblies": [
{
  "files": [
    {
      "filePath": "data_summary.tsv",
      "fileType": "DATA_TABLE",
      "uncompressedLengthBytes": "400"
    },
    {
      "filePath": "assembly_data_report.jsonl",
      "fileType": "DATA_REPORT",
      "uncompressedLengthBytes": "3453"
    }
  ]
},{
  "accession": "GCF_000009045.1",
  "files": [
    {
      "filePath": "GCF_000009045.1/GCF_000009045.1_ASM904v1_genomic.fna",
      "fileType": "GENOMIC_NUCLEOTIDE_FASTA",
      "uncompressedLengthBytes": "4268374"
    }
  ]
}]}
